periodical	periodical_pid
Physiological research	uuid:7a11c2da-6bf7-4fd2-8c95-a605b13dbda4
Vesmír: časopis pro šíření vědy přírodní, země- a národopisné	uuid:440337bd-5625-11e1-9505-005056a60003
Organon F: filozofický časopis	uuid:f4703a5c-8e46-4ed4-a5bd-a0b7ef5377f1
European journal of entomology	uuid:cd2d0dc5-8bc6-11e2-8212-005056a60003
Přehled výzkumů	uuid:f91c3df3-7190-11e1-84d7-005056a60003
Přehled výzkumů ... - Archeologický ústav Akademie věd České republiky v Brně	uuid:f69d5c26-71c4-11e1-adb1-005056a60003
Byzantinoslavica: revue internationale des études byzantines	uuid:4aa177f0-4029-11e1-90d1-005056a60003
Biologické listy	uuid:39816a17-3f6e-11e1-bb34-005056a60003
Moravian geographical reports	uuid:f7645dea-8f0b-4e60-82a4-acd6665b9215
Umění: časopis Ústavu dějin umění Akademie věd České republiky	uuid:c731eb30-0e38-11e2-93d8-005056a60003
Teorie vědy: časopis pro mezioborová zkoumání vědy	uuid:16ebeaab-2e83-11e2-b94f-005056a60003
Česká literatura: časopis pro literární vědu	uuid:f9f595d7-4116-11e1-99e8-005056a60003
Právník: teoretický časopis pro otázky státu a práva	uuid:719be951-4eb0-11e1-9043-005056a60003
